Restaurant_ID,Name,City,Cuisine,Price_Range,Has_Online_Delivery,Has_Table_Booking,Average_Cost_For_Two,Rating,Votes
1001,"Rodriguez, Figueroa and Sanchez",Mumbai,North Indian,3,No,Yes,607,2.4,849
1002,Doyle Ltd,Mumbai,Mughlai,1,Yes,Yes,597,2.7,4941
1003,"Mcclain, Miller and Henderson",Delhi,Italian,3,No,Yes,1069,3.8,63
1004,Davis and Sons,Bangalore,Mughlai,2,No,Yes,590,4.9,2767
1005,"Guzman, Hoffman and Baldwin",Mumbai,South Indian,2,Yes,No,854,3.8,365
1006,"Gardner, Robinson and Lawrence",Ahmedabad,South Indian,2,Yes,No,1437,3.9,2972
1007,Blake and Sons,Hyderabad,South Indian,1,Yes,No,313,4.6,837
1008,"Henderson, Ramirez and Lewis",Pune,Continental,2,No,Yes,908,3.1,2197
1009,Garcia-James,Mumbai,Chinese,3,Yes,Yes,1096,3.1,4572
1010,Abbott-Munoz,Hyderabad,Fast Food,1,Yes,Yes,796,3.2,552
1011,Blair PLC,Hyderabad,Fast Food,1,No,No,1466,3.4,2179
1012,Dudley Group,Bangalore,Italian,3,No,No,1345,3.2,1806
1013,Arnold Ltd,Bangalore,Street Food,1,Yes,Yes,463,3.9,3468
1014,"Mcclure, Ward and Lee",Mumbai,Mughlai,2,No,No,1283,4.6,104
1015,Williams and Sons,Mumbai,Continental,3,No,Yes,751,3.3,3726
1016,Galloway-Wyatt,Delhi,Continental,3,Yes,Yes,1430,2.9,4168
1017,James Group,Hyderabad,Chinese,2,Yes,Yes,1376,3.0,169
1018,"Flowers, Martin and Kelly",Mumbai,Fast Food,2,Yes,Yes,643,4.6,655
1019,"Adams, Zuniga and Wong",Mumbai,Street Food,1,Yes,Yes,1123,4.8,1362
1020,"Reid, Ferguson and Sanchez",Chennai,Mughlai,1,Yes,No,967,5.0,3069
1021,Gray-Mayo,Ahmedabad,Street Food,1,Yes,Yes,281,3.0,4829
1022,"Watts, Robinson and Nguyen",Hyderabad,Italian,1,Yes,Yes,618,2.2,267
1023,Perez Inc,Kolkata,South Indian,3,Yes,No,1144,2.6,1093
1024,Morales-Jones,Ahmedabad,Italian,2,No,Yes,343,2.3,3541
1025,"Walter, Edwards and Rios",Kolkata,Mughlai,2,No,Yes,1488,5.0,816
1026,Wilkerson-Day,Delhi,Mughlai,3,No,Yes,659,2.6,4403
1027,Baker and Sons,Ahmedabad,Chinese,2,Yes,No,1097,2.7,627
1028,"Hoffman, Baker and Richards",Ahmedabad,South Indian,1,Yes,Yes,634,2.5,3988
1029,"Ross, Robinson and Bright",Ahmedabad,Italian,2,Yes,Yes,926,2.0,3208
1030,"Snyder, Campos and Callahan",Chennai,Street Food,2,No,No,467,2.6,1793
1031,Burton Ltd,Delhi,North Indian,3,No,Yes,252,3.8,4129
1032,Carlson-Cruz,Bangalore,North Indian,3,Yes,Yes,290,3.8,1936
1033,"Ferrell, Rice and Maddox",Pune,South Indian,3,Yes,Yes,1418,2.2,4791
1034,Frazier Inc,Kolkata,Continental,1,No,Yes,693,3.2,2467
1035,"Dyer, Potter and Mack",Ahmedabad,Fast Food,1,Yes,No,1422,5.0,829
1036,Rodriguez-Graham,Mumbai,Italian,3,No,Yes,864,4.6,2011
1037,Smith-Bowen,Kolkata,Continental,1,No,No,1402,5.0,4343
1038,"Baker, Mason and White",Delhi,Continental,3,Yes,Yes,691,2.3,886
1039,Harrell LLC,Bangalore,Continental,2,Yes,No,566,4.1,2172
1040,"Romero, Gonzalez and Brooks",Ahmedabad,Continental,1,Yes,No,716,2.1,2742
1041,Ryan PLC,Bangalore,Continental,1,No,No,1298,2.0,626
1042,George Group,Bangalore,North Indian,2,Yes,No,411,2.1,2997
1043,Rodriguez LLC,Delhi,Fast Food,1,Yes,Yes,874,4.3,3339
1044,Allen-Allen,Bangalore,Italian,1,Yes,No,200,2.5,2731
1045,"Arroyo, Miller and Tucker",Pune,Italian,2,Yes,Yes,933,4.6,3865
1046,Spence PLC,Hyderabad,Italian,2,No,No,616,2.7,1592
1047,Anderson Group,Pune,Fast Food,2,Yes,No,869,3.9,3284
1048,"Martin, Rose and Obrien",Kolkata,North Indian,1,No,Yes,1339,4.9,2184
1049,Hickman Ltd,Delhi,South Indian,3,No,No,792,3.3,4199
1050,"Harris, Collins and Carney",Mumbai,Mughlai,3,Yes,No,240,4.1,23
1051,"Brooks, Lam and Hayes",Hyderabad,Fast Food,2,Yes,No,1426,2.9,1030
1052,Walker LLC,Chennai,Continental,3,No,No,974,4.1,4551
1053,Chapman and Sons,Bangalore,Italian,2,No,Yes,1410,3.7,3336
1054,"Robinson, Jones and Welch",Delhi,Continental,2,Yes,No,1337,3.8,2649
1055,Jones Inc,Ahmedabad,Street Food,2,Yes,No,497,4.0,2334
1056,Jones-Young,Kolkata,South Indian,1,No,Yes,557,2.4,388
1057,"Washington, Ryan and Cummings",Hyderabad,Street Food,3,Yes,No,998,4.7,4725
1058,"Johnston, Sanchez and Kennedy",Hyderabad,Mughlai,2,No,Yes,452,4.0,55
1059,Lee-Davis,Mumbai,Mughlai,1,Yes,No,252,3.7,1004
1060,Gomez-Jenkins,Ahmedabad,Chinese,2,No,No,1404,4.4,4145
1061,"Brown, Valdez and Lucas",Pune,Street Food,1,No,No,680,4.3,2281
1062,Powell LLC,Ahmedabad,Italian,2,No,Yes,735,2.7,2761
1063,Wright and Sons,Kolkata,South Indian,1,Yes,Yes,934,4.1,1762
1064,"West, Henderson and Ramirez",Mumbai,Mughlai,2,No,No,1001,2.2,3451
1065,Baxter Inc,Pune,North Indian,3,No,No,162,4.8,2456
1066,Morton-Chase,Pune,Mughlai,3,Yes,No,599,2.8,3988
1067,Williams PLC,Delhi,Mughlai,2,No,Yes,1107,4.8,4385
1068,Novak and Sons,Delhi,Mughlai,3,Yes,Yes,1466,3.3,3792
1069,Russell Group,Bangalore,North Indian,2,No,No,583,3.4,2774
1070,Hancock Inc,Pune,Continental,2,No,Yes,1113,2.1,4428
1071,Gray Group,Delhi,Fast Food,1,Yes,Yes,213,4.8,1643
1072,House-Glover,Delhi,Chinese,1,Yes,No,384,3.7,1795
1073,Henderson-Bernard,Ahmedabad,Continental,2,Yes,Yes,485,4.9,895
1074,"Stanley, Tucker and Lee",Delhi,Continental,3,No,No,556,2.2,1999
1075,Novak PLC,Mumbai,Continental,3,Yes,Yes,861,3.6,3045
1076,"Daniels, Adkins and Brown",Mumbai,Fast Food,1,No,No,366,3.3,2977
1077,"Woods, Calhoun and Schmidt",Ahmedabad,Chinese,2,Yes,No,1411,4.4,4418
1078,Yu Inc,Ahmedabad,Street Food,2,No,No,652,4.5,719
1079,Jones Inc,Chennai,Street Food,1,No,No,838,2.1,2672
1080,"Hensley, Powell and David",Bangalore,Street Food,1,No,No,847,2.8,4893
1081,"Sanchez, Wheeler and Harvey",Chennai,North Indian,3,Yes,Yes,644,4.2,4012
1082,Sandoval-Cunningham,Hyderabad,Street Food,3,No,No,185,2.3,1825
1083,Donovan-Harris,Pune,Italian,2,No,No,1283,3.6,3495
1084,"Edwards, Baker and Anderson",Kolkata,Fast Food,3,No,No,777,2.8,998
1085,"Evans, Stewart and Walton",Hyderabad,Fast Food,1,Yes,Yes,593,4.2,2275
1086,Smith PLC,Chennai,South Indian,1,No,Yes,889,2.5,125
1087,"Ferrell, Jones and Lewis",Bangalore,Continental,1,Yes,No,408,3.9,4031
1088,Anderson-Bailey,Mumbai,North Indian,3,No,No,1130,3.3,1520
1089,Suarez LLC,Delhi,Continental,2,Yes,Yes,970,3.5,4736
1090,Moore-Bass,Delhi,Chinese,1,No,Yes,658,2.4,3419
1091,"Turner, Riggs and Roman",Hyderabad,Mughlai,2,No,No,1355,5.0,2511
1092,"Smith, Montoya and Evans",Delhi,South Indian,1,Yes,No,316,2.5,1433
1093,"Garcia, Humphrey and Baker",Mumbai,Chinese,1,No,No,1366,3.4,277
1094,Newton and Sons,Hyderabad,Continental,3,No,No,295,4.1,2177
1095,Campbell-Clark,Hyderabad,Mughlai,1,Yes,Yes,694,4.5,594
1096,Harris-Walters,Delhi,Chinese,2,No,No,404,3.4,2501
1097,Wagner-King,Pune,Continental,3,No,No,314,3.8,3549
1098,Davis Group,Kolkata,Continental,1,Yes,Yes,1328,3.8,179
1099,Williams-Cook,Chennai,North Indian,1,No,No,719,2.5,4805
1100,Walsh LLC,Pune,Street Food,1,No,No,986,3.0,866
1101,Figueroa PLC,Bangalore,Fast Food,2,No,No,970,4.4,4516
1102,"Patterson, Smith and Jones",Delhi,Street Food,1,No,No,812,2.3,3321
1103,"Mckee, Gardner and Davenport",Delhi,Street Food,2,Yes,Yes,1211,3.1,4093
1104,"Tran, Jordan and Williams",Ahmedabad,North Indian,1,No,Yes,739,3.3,3980
1105,Nolan-Flynn,Mumbai,North Indian,3,Yes,Yes,786,3.7,4534
1106,Nolan and Sons,Pune,South Indian,1,Yes,No,390,3.9,1271
1107,"Wright, Garcia and Deleon",Ahmedabad,Continental,3,No,No,1138,4.9,2006
1108,Dickson-Brady,Ahmedabad,Chinese,2,Yes,Yes,292,2.8,3409
1109,Hancock and Sons,Kolkata,Continental,1,No,No,1352,3.7,4021
1110,Johnson-Doyle,Bangalore,Street Food,3,No,No,830,3.7,4461
1111,Patton-Jenkins,Pune,Street Food,2,Yes,Yes,1321,3.1,3375
1112,"Shields, Cochran and Adams",Delhi,Fast Food,3,No,No,940,5.0,1256
1113,"Rodriguez, Brennan and Garrison",Ahmedabad,North Indian,1,No,Yes,1051,2.3,3753
1114,Gonzalez Group,Delhi,Chinese,2,Yes,Yes,1111,4.3,2181
1115,Torres-Pope,Kolkata,Mughlai,3,Yes,No,1242,3.1,2604
1116,Walker Ltd,Ahmedabad,North Indian,3,Yes,Yes,1442,4.1,2364
1117,Ross LLC,Hyderabad,South Indian,2,Yes,Yes,1058,2.5,2463
1118,Rasmussen LLC,Delhi,North Indian,2,Yes,No,884,3.1,1202
1119,May-Ross,Hyderabad,Mughlai,3,Yes,Yes,508,2.2,3143
1120,"Rivera, Johnson and Wiley",Hyderabad,Street Food,3,Yes,Yes,1094,3.9,3774
1121,White-Estes,Chennai,North Indian,2,No,Yes,301,3.3,2840
1122,Johnson-Carlson,Chennai,Mughlai,3,No,No,768,2.6,3161
1123,Chandler-Edwards,Ahmedabad,South Indian,1,No,No,1327,2.9,2428
1124,"Joyce, Wilson and Lam",Delhi,Mughlai,2,Yes,Yes,1391,4.2,2354
1125,Scott Ltd,Hyderabad,Fast Food,1,Yes,No,1500,4.0,1130
1126,Smith-Frost,Mumbai,North Indian,2,No,Yes,1336,3.1,1086
1127,"Mcdaniel, Bentley and Mclaughlin",Mumbai,Continental,2,No,Yes,561,2.4,4428
1128,Diaz Inc,Kolkata,Continental,1,No,No,754,4.2,2784
1129,"Mccall, Hanson and Alvarado",Mumbai,Street Food,1,Yes,Yes,963,4.9,4575
1130,Cortez LLC,Kolkata,South Indian,2,Yes,No,1248,2.4,3029
1131,"Parker, Ortiz and Powell",Chennai,Mughlai,3,No,Yes,628,3.4,4609
1132,Spencer-Lee,Kolkata,Italian,3,Yes,No,768,3.9,965
1133,"Bentley, Byrd and Orr",Bangalore,North Indian,1,No,No,387,2.3,4413
1134,"Carroll, Sullivan and Bass",Bangalore,Mughlai,2,No,No,1352,4.2,1275
1135,Mitchell-Jordan,Pune,South Indian,2,No,No,217,4.1,1789
1136,"Lawson, Morris and Ramos",Ahmedabad,Street Food,1,No,Yes,902,3.6,2948
1137,"Lewis, Kennedy and Santana",Delhi,Mughlai,2,Yes,Yes,1081,2.3,1747
1138,"Jackson, Miller and Robertson",Delhi,North Indian,2,Yes,Yes,1306,2.6,4550
1139,"Harvey, Davis and Crane",Hyderabad,Italian,1,No,Yes,1370,2.0,1195
1140,Chambers and Sons,Bangalore,Continental,1,Yes,Yes,419,2.0,1959
1141,Hernandez Inc,Kolkata,North Indian,1,No,Yes,409,4.2,4319
1142,Riggs PLC,Mumbai,South Indian,2,No,No,1201,3.8,3712
1143,Gibson Ltd,Hyderabad,North Indian,3,No,No,1467,4.9,508
1144,"Lee, Horton and Snyder",Ahmedabad,Mughlai,2,Yes,No,1058,2.2,671
1145,Hernandez Ltd,Kolkata,Chinese,1,Yes,No,1428,3.9,4502
1146,Stafford Inc,Kolkata,Mughlai,3,No,No,1185,3.8,822
1147,Robinson-Brock,Mumbai,Italian,2,No,Yes,997,3.0,3725
1148,"Holmes, Williams and Wright",Pune,Mughlai,3,Yes,No,1024,2.9,2098
1149,Bryant Group,Kolkata,Chinese,3,No,Yes,336,4.5,773
1150,"Schmidt, Hansen and Stewart",Pune,South Indian,3,No,Yes,1289,2.2,4610
1151,Salazar-Ball,Kolkata,South Indian,2,No,No,255,4.9,4928
1152,"Simmons, Meadows and Griffin",Chennai,Fast Food,1,Yes,Yes,1494,3.4,896
1153,Manning Group,Kolkata,Fast Food,1,No,Yes,1028,4.5,4570
1154,Green-Wright,Delhi,Continental,1,Yes,No,782,4.8,2885
1155,"Ramirez, Strickland and Washington",Delhi,Chinese,1,No,Yes,440,4.2,261
1156,Hill Inc,Mumbai,Italian,2,No,No,848,2.5,2562
1157,"Mitchell, Nelson and Flores",Kolkata,South Indian,1,Yes,Yes,1415,2.1,678
1158,"Miller, Hernandez and Reyes",Chennai,Street Food,3,No,No,1393,3.3,2247
1159,Mccarthy Inc,Hyderabad,South Indian,2,No,Yes,730,4.0,4868
1160,Russell-Daniels,Ahmedabad,Continental,1,Yes,No,1377,2.2,1684
1161,Brown-Wall,Chennai,Italian,1,No,No,821,2.4,4084
1162,Stein-Silva,Pune,Chinese,1,No,Yes,1174,3.7,2911
1163,"Smith, Gilmore and Johnston",Mumbai,Mughlai,3,Yes,No,188,3.4,647
1164,Smith-Bell,Kolkata,Mughlai,3,No,No,742,2.3,180
1165,Castaneda-Ashley,Kolkata,Chinese,3,No,No,330,3.3,877
1166,Medina-Navarro,Hyderabad,Mughlai,3,No,Yes,960,4.6,2791
1167,"Hurst, Freeman and Nelson",Hyderabad,Fast Food,1,Yes,Yes,1236,3.5,2872
1168,Johnson-Rogers,Kolkata,Chinese,1,Yes,Yes,674,2.6,4944
1169,"Yates, Ramsey and Pittman",Bangalore,South Indian,1,No,No,1304,4.3,3687
1170,Hooper PLC,Kolkata,Fast Food,1,No,Yes,1110,3.3,2490
1171,Meadows PLC,Chennai,North Indian,2,Yes,No,1095,3.4,476
1172,"Alvarado, Miller and Patterson",Kolkata,Continental,1,Yes,No,1097,3.7,346
1173,White-Green,Ahmedabad,Italian,2,No,Yes,276,3.4,2823
1174,Lewis-Murphy,Mumbai,Chinese,1,Yes,No,1049,3.6,1310
1175,Ramirez-Bean,Kolkata,Fast Food,2,No,No,842,4.0,438
1176,King-Miller,Kolkata,South Indian,2,Yes,No,731,2.8,4947
1177,Curry Inc,Bangalore,Fast Food,1,Yes,No,785,4.9,3220
1178,Walker-Jones,Bangalore,South Indian,2,No,No,411,4.0,4322
1179,"Williams, Johnson and Wright",Mumbai,Mughlai,3,No,Yes,892,2.9,1764
1180,Howell and Sons,Kolkata,Street Food,1,Yes,Yes,467,2.2,838
1181,Wells Inc,Delhi,Fast Food,3,Yes,No,465,2.5,1366
1182,"Gould, Marshall and Scott",Ahmedabad,North Indian,2,No,Yes,1059,3.8,3687
1183,Jackson-Lawson,Hyderabad,Italian,2,No,Yes,903,4.0,4682
1184,"Higgins, Strickland and Martin",Ahmedabad,Street Food,2,No,No,481,4.5,4963
1185,Rodriguez-Johnson,Bangalore,Continental,1,No,No,1285,4.8,4236
1186,Johnston-Odonnell,Mumbai,Continental,1,Yes,No,1070,4.7,1217
1187,Sanders-Espinoza,Pune,South Indian,1,No,No,204,3.2,3257
1188,Vargas Ltd,Kolkata,Italian,2,Yes,No,609,2.1,821
1189,Garcia LLC,Kolkata,Chinese,1,Yes,No,1117,4.1,1146
1190,"Burke, Martinez and Riggs",Ahmedabad,Street Food,3,Yes,Yes,188,2.8,1234
1191,Reed Group,Pune,South Indian,2,Yes,No,399,2.1,3449
1192,"Wood, Hunter and Peterson",Ahmedabad,South Indian,1,No,Yes,1444,3.5,1991
1193,Short-Garcia,Bangalore,Continental,2,Yes,No,642,3.7,1544
1194,Reid-Poole,Mumbai,Fast Food,1,Yes,No,1112,2.1,3179
1195,"Hernandez, Thompson and Boyd",Kolkata,Continental,3,Yes,No,288,3.0,859
1196,"Nelson, Morton and Medina",Kolkata,Chinese,1,No,No,1466,2.5,3816
1197,Marshall-Petersen,Ahmedabad,Chinese,1,Yes,No,225,2.9,368
1198,"Adams, Christian and Rivas",Hyderabad,North Indian,2,No,No,1262,3.4,309
1199,Ramirez Group,Hyderabad,Continental,2,Yes,No,709,2.4,3024
1200,Christensen PLC,Pune,Mughlai,3,No,No,844,4.9,4074
1201,"Barnett, Rogers and Snyder",Ahmedabad,Fast Food,3,No,Yes,1019,2.2,4945
1202,White-Lewis,Bangalore,Continental,2,Yes,Yes,821,4.0,2520
1203,Peterson-Beard,Ahmedabad,Mughlai,1,No,No,1065,2.1,2898
1204,"Beard, Peters and Black",Pune,Continental,3,Yes,Yes,1455,3.2,4213
1205,Miller Ltd,Bangalore,North Indian,1,No,Yes,408,2.2,3010
1206,Freeman-Chang,Kolkata,Mughlai,3,Yes,Yes,1071,4.8,3057
1207,"Alvarez, Joseph and West",Ahmedabad,South Indian,3,Yes,No,965,2.9,2293
1208,Davis and Sons,Hyderabad,South Indian,1,Yes,No,1210,3.2,4611
1209,Holt-Torres,Mumbai,Continental,2,No,Yes,1403,2.9,4033
1210,"Wood, Tran and Cooper",Hyderabad,South Indian,1,Yes,No,503,4.7,3656
1211,"Pierce, Bell and Chavez",Mumbai,Fast Food,3,No,Yes,1276,3.6,2467
1212,King-Martinez,Bangalore,Chinese,2,Yes,Yes,561,4.4,1949
1213,Stewart Ltd,Ahmedabad,North Indian,2,No,No,1279,2.4,716
1214,"Tapia, Vaughn and Lee",Mumbai,Continental,2,No,No,988,4.5,614
1215,"Washington, Hardy and Bray",Bangalore,Fast Food,3,Yes,No,1104,4.0,2832
1216,"Carlson, Hooper and Wall",Bangalore,Chinese,1,No,Yes,404,3.6,2501
1217,Perez-White,Bangalore,Chinese,2,Yes,No,1212,4.7,656
1218,Erickson and Sons,Chennai,Italian,3,No,Yes,1430,2.9,4380
1219,Williams-Brown,Mumbai,Chinese,3,Yes,Yes,1499,3.9,4967
1220,Terry-Martinez,Kolkata,North Indian,1,Yes,Yes,1463,4.3,2178
1221,Garcia-Smith,Hyderabad,Mughlai,3,Yes,No,1434,3.6,2484
1222,Harrison-Alexander,Ahmedabad,Italian,3,No,No,1078,2.2,500
1223,Sheppard LLC,Bangalore,Street Food,2,No,No,567,3.0,1186
1224,Wilson-Jones,Kolkata,Fast Food,3,No,No,417,4.3,4228
1225,Jones-Soto,Mumbai,Fast Food,1,No,Yes,697,3.3,1164
1226,Hernandez PLC,Mumbai,North Indian,2,No,No,658,4.9,1318
1227,Miller-Wright,Kolkata,Fast Food,1,Yes,No,1204,3.4,2537
1228,"Duran, Obrien and Gibbs",Ahmedabad,North Indian,1,No,No,643,2.6,2900
1229,Rowe Group,Delhi,North Indian,2,No,No,735,3.6,890
1230,Kerr-Evans,Pune,Chinese,2,No,No,899,2.1,429
1231,"Branch, Torres and Oliver",Hyderabad,Fast Food,3,No,Yes,941,3.5,4514
1232,"Choi, Garcia and Farmer",Chennai,South Indian,1,Yes,No,914,4.4,2787
1233,"Clark, Guerrero and Moore",Kolkata,Chinese,1,No,Yes,242,2.1,2738
1234,Arnold and Sons,Ahmedabad,Street Food,1,Yes,No,1405,3.0,3229
1235,Ortiz Ltd,Chennai,Fast Food,3,No,No,1122,4.4,3027
1236,"Harrison, Johnson and Roberts",Kolkata,South Indian,2,No,Yes,1372,3.4,4748
1237,Warner-Gibson,Hyderabad,North Indian,3,No,Yes,1223,3.9,3124
1238,"Hall, Baker and Moody",Bangalore,Italian,1,Yes,Yes,188,3.3,3440
1239,"Guerrero, Peck and Coleman",Bangalore,Mughlai,3,Yes,No,1177,4.3,3873
1240,"Walker, Hernandez and Baker",Delhi,Chinese,3,Yes,No,1129,3.6,2580
1241,Jones and Sons,Bangalore,Street Food,3,No,No,1467,4.4,2175
1242,Larson-Holloway,Ahmedabad,Italian,1,No,No,610,4.8,2448
1243,Gonzales-Harrison,Chennai,Italian,3,No,No,1132,3.0,2250
1244,Lyons-Bender,Chennai,South Indian,3,No,No,856,4.9,1209
1245,"Fernandez, Kim and George",Chennai,North Indian,2,Yes,No,1055,4.0,3934
1246,Navarro-Munoz,Hyderabad,Italian,3,No,No,431,2.3,4817
1247,Davis Ltd,Hyderabad,Italian,1,Yes,Yes,257,2.3,2715
1248,"Matthews, Smith and Hubbard",Ahmedabad,South Indian,3,Yes,Yes,1277,4.9,1303
1249,Johnston-Hines,Pune,Street Food,2,Yes,No,807,2.9,494
1250,Ruiz Ltd,Mumbai,Italian,3,Yes,Yes,1005,4.6,1450
1251,Moon-White,Delhi,Mughlai,2,Yes,No,226,2.0,4662
1252,"Graham, Olsen and Costa",Mumbai,Fast Food,2,No,No,424,4.6,3844
1253,Bailey-Cook,Chennai,Italian,1,No,Yes,1089,3.9,1535
1254,"Garcia, Martin and Jenkins",Delhi,Fast Food,2,Yes,Yes,1401,4.6,3331
1255,Roberts-Landry,Pune,Fast Food,1,No,Yes,528,4.9,3921
1256,"Johnson, Miller and King",Kolkata,Italian,1,No,No,632,3.3,2197
1257,Cordova Group,Kolkata,Continental,3,Yes,No,1488,3.1,1945
1258,"Bryan, Smith and Booth",Delhi,South Indian,2,No,Yes,980,4.1,2557
1259,Gutierrez-Lopez,Mumbai,Continental,2,Yes,Yes,423,3.4,3737
1260,Dean-Jimenez,Kolkata,Mughlai,3,No,Yes,656,4.0,4890
1261,Wolf-Harris,Mumbai,Street Food,3,No,Yes,1305,2.3,4496
1262,"Anderson, Roberts and Gilmore",Hyderabad,Chinese,1,No,No,388,4.0,4787
1263,Martinez-Dudley,Ahmedabad,South Indian,3,No,Yes,1078,2.4,3413
1264,"Lloyd, Mckinney and Collins",Ahmedabad,North Indian,3,No,No,194,3.2,34
1265,Tran Inc,Hyderabad,South Indian,1,No,No,280,3.6,503
1266,Gay Inc,Mumbai,Street Food,1,No,No,518,4.3,3453
1267,Valentine-Holland,Kolkata,Mughlai,2,No,No,314,4.0,4427
1268,Jimenez Ltd,Bangalore,Fast Food,1,Yes,No,1233,2.4,1834
1269,Hicks-Hill,Delhi,North Indian,2,No,No,1239,3.1,1891
1270,Baird-Sanchez,Hyderabad,Street Food,2,Yes,No,536,4.8,934
1271,"Thomas, Lee and Greene",Delhi,Mughlai,3,Yes,Yes,572,2.2,4875
1272,"Suarez, Shields and Hill",Delhi,Street Food,3,Yes,Yes,240,3.2,1929
1273,Morgan-French,Hyderabad,North Indian,1,No,Yes,1329,3.0,4908
1274,Hoover-Campbell,Kolkata,Italian,2,Yes,Yes,996,2.9,509
1275,Monroe-Carpenter,Bangalore,Mughlai,3,No,Yes,855,4.8,3132
1276,"Burns, Hernandez and Ryan",Kolkata,Mughlai,2,Yes,No,920,2.6,4416
1277,Cook-Hines,Ahmedabad,Italian,1,No,Yes,1098,4.7,4617
1278,Gibson-Morris,Pune,Mughlai,3,Yes,No,647,2.8,2715
1279,Pollard and Sons,Mumbai,Street Food,2,Yes,Yes,255,2.8,4965
1280,"Reyes, Chase and Jenkins",Delhi,South Indian,1,Yes,No,577,4.6,2737
1281,Garner-Thornton,Chennai,North Indian,1,Yes,Yes,1130,4.7,4961
1282,Hughes-Alvarado,Hyderabad,Mughlai,1,No,No,929,3.4,2953
1283,"Pollard, Simpson and Johnson",Chennai,Continental,2,No,No,351,4.4,3856
1284,"Sanford, Rivera and Garcia",Kolkata,Italian,2,No,No,243,3.7,1822
1285,Garcia-Lozano,Bangalore,North Indian,2,No,No,462,2.6,1894
1286,Bowen Group,Pune,Italian,2,No,No,1150,4.9,4028
1287,"Booker, Jones and Harrington",Ahmedabad,Chinese,3,No,Yes,436,4.2,4010
1288,Morgan-Schwartz,Bangalore,North Indian,3,Yes,Yes,249,4.3,3388
1289,"Miller, Murphy and Craig",Bangalore,Italian,1,Yes,Yes,597,3.5,3067
1290,"James, Stewart and Higgins",Delhi,Street Food,3,No,Yes,163,3.6,3379
1291,Brennan-Johnson,Delhi,North Indian,3,No,No,185,3.5,3537
1292,Young Ltd,Bangalore,South Indian,1,Yes,Yes,543,3.9,2077
1293,Bright-Francis,Kolkata,Continental,2,Yes,No,981,3.4,2002
1294,Good-Hodges,Hyderabad,Continental,3,Yes,Yes,341,3.2,3099
1295,"Brennan, Wallace and Benson",Ahmedabad,North Indian,3,Yes,Yes,319,3.5,3564
1296,Williams Inc,Kolkata,South Indian,3,Yes,Yes,582,4.7,4653
1297,Howard-Jordan,Ahmedabad,Continental,1,Yes,No,1262,3.7,279
1298,Schmidt PLC,Bangalore,Fast Food,1,Yes,Yes,965,4.8,2461
1299,"Sparks, Jackson and Miller",Bangalore,Italian,3,No,No,936,4.3,1156
1300,Harvey-Allen,Mumbai,Fast Food,1,Yes,No,625,4.5,2800
1301,"Thomas, Murray and King",Pune,Fast Food,1,No,No,1154,2.7,4540
1302,Estrada-Nolan,Pune,Mughlai,1,No,Yes,1416,2.9,2028
1303,Santana-Byrd,Mumbai,South Indian,2,Yes,No,1448,2.5,3201
1304,Jones LLC,Kolkata,Fast Food,1,Yes,Yes,781,3.3,2219
1305,"Evans, Hayden and Vaughn",Mumbai,Chinese,1,Yes,No,1069,3.7,4207
1306,Bruce-Gonzalez,Pune,South Indian,1,Yes,No,1285,2.3,4909
1307,Castaneda-Rodriguez,Kolkata,Mughlai,1,No,No,944,4.3,4593
1308,Armstrong-Andrews,Hyderabad,Chinese,3,No,Yes,434,2.8,2208
1309,"Phillips, Spence and Barrett",Ahmedabad,Chinese,1,Yes,No,715,3.3,3976
1310,Smith-Grimes,Mumbai,Fast Food,2,Yes,No,1366,3.9,3760
1311,"Beltran, Lozano and Mcgee",Mumbai,Chinese,2,Yes,No,830,4.5,3122
1312,Parsons-Hall,Kolkata,Street Food,2,No,Yes,765,3.0,1655
1313,Robinson-Lee,Ahmedabad,Fast Food,1,No,No,746,4.2,4032
1314,Byrd-Le,Hyderabad,Fast Food,2,No,No,897,2.3,4629
1315,"Becker, Taylor and Davis",Hyderabad,Chinese,3,Yes,No,579,3.3,2396
1316,"Lucas, Parker and Alexander",Mumbai,Mughlai,3,No,Yes,1447,2.9,2079
1317,"Diaz, Anderson and Browning",Bangalore,Mughlai,2,Yes,No,1374,3.4,3293
1318,Burgess-Thompson,Pune,North Indian,2,Yes,Yes,658,4.0,2918
1319,Buchanan LLC,Bangalore,North Indian,3,No,No,1031,2.3,817
1320,"Shaw, Nelson and Martin",Chennai,Italian,3,Yes,No,916,3.2,4831
1321,Coffey-Phillips,Bangalore,Fast Food,1,No,Yes,755,3.2,713
1322,Brock-Mcdonald,Mumbai,Chinese,2,No,No,1082,4.4,4278
1323,Taylor and Sons,Ahmedabad,Fast Food,2,Yes,No,1076,3.0,2469
1324,"Ramsey, Whitney and Coffey",Delhi,South Indian,1,No,Yes,486,4.8,2008
1325,"Diaz, Gibbs and Smith",Bangalore,Chinese,2,No,No,624,4.4,1521
1326,"Martinez, Richardson and Curry",Bangalore,Mughlai,2,Yes,Yes,1070,3.8,3195
1327,Richards-Carson,Delhi,Italian,1,No,Yes,1332,2.3,4408
1328,Rodriguez-Hall,Bangalore,Fast Food,2,Yes,No,383,2.8,4019
1329,Harvey PLC,Kolkata,Mughlai,3,No,Yes,862,3.1,3760
1330,Herman-Walker,Bangalore,Continental,3,Yes,Yes,791,2.4,2511
1331,Reid Group,Mumbai,Chinese,2,Yes,No,1006,3.8,4718
1332,"Turner, Ortiz and Taylor",Pune,Mughlai,1,No,Yes,1286,2.5,2376
1333,Torres Group,Bangalore,Chinese,2,No,Yes,885,4.9,3979
1334,Davis PLC,Bangalore,Italian,2,No,No,1157,3.2,3646
1335,Price LLC,Ahmedabad,Chinese,1,Yes,Yes,748,2.1,1851
1336,"Avery, Horton and Fernandez",Chennai,Chinese,2,No,Yes,1322,2.3,4459
1337,"Newton, Moore and Perry",Kolkata,North Indian,3,No,Yes,1020,2.3,2037
1338,Bass PLC,Chennai,North Indian,2,No,No,328,3.3,971
1339,Crosby-Ramirez,Hyderabad,Italian,3,No,No,489,3.8,1702
1340,"Wood, Ramos and Sampson",Hyderabad,North Indian,3,No,No,1372,3.6,2661
1341,Garcia-Jennings,Chennai,Continental,3,No,Yes,427,4.9,3381
1342,"Winters, Newman and Brown",Delhi,Continental,3,Yes,Yes,661,2.4,2648
1343,Lopez-Martinez,Hyderabad,Mughlai,2,Yes,No,1435,3.2,3712
1344,Davis-Lewis,Mumbai,South Indian,2,No,No,1081,4.9,2691
1345,"Harper, Smith and Buchanan",Delhi,South Indian,3,No,No,279,4.4,3268
1346,Zhang PLC,Hyderabad,Mughlai,1,No,No,811,4.5,2776
1347,Jones PLC,Bangalore,Street Food,2,Yes,Yes,353,3.9,3774
1348,Willis and Sons,Delhi,South Indian,1,No,No,151,5.0,3514
1349,Schroeder-Kramer,Hyderabad,Chinese,3,No,Yes,711,2.3,2962
1350,"Smith, Garrison and Thomas",Chennai,South Indian,2,Yes,Yes,961,3.9,1928
1351,Fernandez and Sons,Pune,South Indian,3,Yes,Yes,587,3.4,1097
1352,Guerrero Inc,Hyderabad,Street Food,1,Yes,No,396,5.0,3469
1353,Smith and Sons,Bangalore,Street Food,1,Yes,No,332,4.2,849
1354,"Morris, Thompson and Williams",Mumbai,Fast Food,2,No,Yes,933,4.3,1100
1355,"Fisher, Wilson and Brown",Bangalore,South Indian,3,Yes,Yes,1051,3.1,1755
1356,Strickland-Palmer,Bangalore,Mughlai,3,No,Yes,327,4.7,1156
1357,Hayes and Sons,Mumbai,Mughlai,2,No,No,436,2.7,700
1358,"Williams, Logan and Camacho",Hyderabad,Continental,3,Yes,No,570,3.6,4184
1359,"Turner, Schneider and Johnson",Hyderabad,Mughlai,2,Yes,Yes,1163,3.2,1984
1360,Boone-Simmons,Ahmedabad,South Indian,3,Yes,No,798,2.4,4666
1361,Henry Group,Pune,Fast Food,3,Yes,No,299,2.1,563
1362,Lam LLC,Delhi,Continental,1,Yes,Yes,965,3.5,4114
1363,"Hernandez, Martinez and Weber",Pune,Mughlai,3,No,Yes,1461,3.6,1260
1364,"Kelley, Nguyen and Vang",Chennai,South Indian,2,Yes,Yes,468,3.6,3210
1365,"Phillips, Wagner and Jordan",Mumbai,Continental,3,No,Yes,268,2.7,3569
1366,"Wilson, Pena and Rich",Mumbai,Street Food,3,Yes,No,1497,4.2,988
1367,"Le, Lewis and Hayes",Delhi,Chinese,3,Yes,Yes,1166,4.9,4294
1368,Gutierrez Group,Chennai,Chinese,2,Yes,No,391,4.3,250
1369,Perry-Davis,Kolkata,Mughlai,2,Yes,No,1330,3.9,4074
1370,Edwards-Scott,Ahmedabad,Fast Food,1,No,Yes,903,2.5,852
1371,Mcdaniel Group,Mumbai,Italian,3,Yes,Yes,175,2.7,3874
1372,Davis Inc,Kolkata,Mughlai,1,Yes,Yes,1282,4.4,3445
1373,Reynolds Ltd,Hyderabad,Fast Food,1,No,No,705,4.5,4692
1374,"Watson, Anderson and Brown",Kolkata,South Indian,3,Yes,Yes,607,4.4,386
1375,"Hoffman, Santiago and Jenkins",Pune,South Indian,2,No,No,820,2.3,3751
1376,"Pugh, Henderson and Moon",Delhi,Fast Food,1,No,No,1425,2.7,3026
1377,Schmitt PLC,Ahmedabad,Italian,3,Yes,Yes,163,4.8,205
1378,Bell-Lane,Hyderabad,Fast Food,3,Yes,No,152,4.3,3092
1379,Moore Group,Chennai,South Indian,1,Yes,No,1157,4.9,1176
1380,Boone LLC,Chennai,South Indian,1,Yes,No,912,3.4,705
1381,"Richardson, Farmer and Andrews",Mumbai,Chinese,3,No,Yes,1362,3.7,3573
1382,Bruce-Villegas,Bangalore,Italian,2,No,No,954,4.1,2682
1383,"Austin, Day and Johnson",Kolkata,Street Food,2,Yes,Yes,565,2.4,4799
1384,"Gallegos, Adams and White",Mumbai,Chinese,1,Yes,No,1104,2.9,999
1385,"Farmer, Dorsey and Bell",Kolkata,Italian,2,No,No,692,4.6,750
1386,Kane PLC,Bangalore,Continental,3,Yes,Yes,821,2.4,2043
1387,"Morales, Thomas and Schultz",Kolkata,Mughlai,3,Yes,No,682,4.5,1434
1388,Davis PLC,Delhi,Mughlai,2,Yes,Yes,1096,2.3,1155
1389,Bennett Group,Mumbai,North Indian,1,Yes,Yes,555,4.5,3059
1390,Moore-Collins,Mumbai,Continental,1,Yes,Yes,554,4.7,3642
1391,Frank-Bradley,Bangalore,South Indian,2,Yes,Yes,1094,2.2,4711
1392,Ware and Sons,Pune,Mughlai,2,Yes,No,1023,2.5,1768
1393,Webster Inc,Bangalore,Continental,2,No,Yes,220,3.8,2023
1394,"Miller, Ramos and Coleman",Chennai,Street Food,2,No,Yes,329,2.8,1134
1395,"Ramos, Nelson and Fischer",Pune,Italian,3,Yes,Yes,933,4.3,2951
1396,Reed Inc,Ahmedabad,Street Food,2,No,No,703,2.5,2622
1397,Gregory-Watkins,Hyderabad,North Indian,2,Yes,No,1234,3.1,4794
1398,"Estrada, Williams and Foster",Hyderabad,Chinese,1,Yes,Yes,695,3.6,468
1399,"Brown, Harris and Dougherty",Hyderabad,Mughlai,2,Yes,Yes,634,3.8,2949
1400,Duran LLC,Delhi,Fast Food,3,Yes,Yes,1158,3.6,1448
1401,Wilson-Jimenez,Ahmedabad,North Indian,1,Yes,Yes,1382,2.7,4322
1402,Thompson-James,Ahmedabad,North Indian,2,Yes,Yes,847,4.2,2660
1403,"Hall, Hansen and Barnett",Delhi,North Indian,1,Yes,Yes,1227,4.6,604
1404,Jones-Hensley,Kolkata,Mughlai,3,Yes,No,768,3.0,1300
1405,Graham Group,Pune,Street Food,3,No,Yes,1300,4.1,2933
1406,Atkins PLC,Hyderabad,Chinese,2,No,No,410,2.5,24
1407,Berry-Mckinney,Pune,North Indian,1,No,Yes,1459,3.7,4074
1408,Roberts-Sullivan,Bangalore,Fast Food,3,Yes,Yes,860,4.9,1385
1409,Jackson-Meza,Mumbai,Fast Food,2,Yes,No,579,2.7,565
1410,Collier-Gillespie,Kolkata,Continental,1,Yes,Yes,940,3.3,3447
1411,Kim Inc,Bangalore,Mughlai,2,No,No,1268,3.1,3937
1412,Graham Group,Hyderabad,Chinese,2,Yes,Yes,753,2.1,2149
1413,"Miller, Harrell and Reese",Mumbai,South Indian,2,Yes,No,479,4.2,4491
1414,Cook and Sons,Mumbai,Fast Food,3,No,Yes,1033,4.8,1361
1415,Dixon Inc,Pune,Chinese,1,Yes,No,570,4.9,3362
1416,"Hicks, Bullock and Bailey",Chennai,Continental,2,Yes,Yes,251,3.2,4512
1417,"Mullen, Brewer and Hernandez",Ahmedabad,Chinese,1,No,Yes,1025,2.3,4926
1418,Thomas and Sons,Ahmedabad,Italian,1,Yes,Yes,499,3.9,681
1419,Morrison Ltd,Ahmedabad,South Indian,2,No,No,1151,4.7,2180
1420,Thompson Ltd,Mumbai,Mughlai,1,No,No,906,2.6,375
1421,Marshall-Elliott,Chennai,Street Food,2,No,Yes,700,3.7,1248
1422,"Cole, Glass and Cunningham",Mumbai,South Indian,3,No,No,1357,2.7,509
1423,"Downs, Morris and Maddox",Pune,Mughlai,3,No,Yes,1125,2.9,3244
1424,Hernandez-Jones,Delhi,Chinese,1,No,Yes,492,4.9,1588
1425,Welch-Hogan,Bangalore,North Indian,2,Yes,No,563,5.0,1221
1426,"Brown, Romero and Collins",Chennai,Fast Food,3,Yes,Yes,944,3.7,4532
1427,Johnson-Wood,Kolkata,Continental,3,No,Yes,1426,3.8,3447
1428,Jones-Lin,Mumbai,Mughlai,1,Yes,Yes,366,3.7,837
1429,Gilbert PLC,Chennai,Fast Food,2,No,No,1491,3.5,4998
1430,Ford-Spencer,Ahmedabad,North Indian,1,No,No,444,3.9,3300
1431,"Huang, Cole and Pacheco",Delhi,Mughlai,2,Yes,Yes,1123,4.8,3061
1432,"Lopez, Jacobs and Mason",Delhi,Fast Food,2,No,No,1156,4.6,814
1433,Hayes LLC,Hyderabad,Chinese,2,No,No,701,4.2,4965
1434,"Miller, Lucas and Williams",Mumbai,Italian,2,Yes,No,1142,4.3,3073
1435,"Kim, Gonzales and Mills",Delhi,Chinese,1,No,No,427,4.3,4304
1436,Cox LLC,Delhi,Chinese,1,Yes,Yes,660,2.1,424
1437,Ortiz-Morgan,Kolkata,Italian,2,No,No,1184,3.2,1024
1438,"Williams, Mccoy and Cook",Delhi,Italian,2,No,No,513,4.9,3897
1439,Davis-Gregory,Kolkata,Fast Food,1,No,Yes,733,2.1,416
1440,King-York,Bangalore,Italian,1,Yes,Yes,701,4.0,4214
1441,"Marks, Cook and Aguilar",Delhi,North Indian,2,Yes,Yes,1381,4.4,1843
1442,Rangel LLC,Chennai,Continental,3,No,No,921,4.6,3770
1443,"Hale, Myers and Larson",Chennai,Italian,2,No,No,1347,2.3,4200
1444,Collins Group,Kolkata,Continental,2,Yes,No,280,3.0,2274
1445,"Conner, Li and Santiago",Kolkata,Continental,2,No,Yes,457,3.6,1978
1446,"Osborn, Gaines and Davis",Delhi,Mughlai,3,No,Yes,202,4.0,2431
1447,"Henderson, Cox and Cox",Chennai,Mughlai,2,No,Yes,1344,4.1,4696
1448,Bean LLC,Hyderabad,Fast Food,3,Yes,No,884,3.5,1402
1449,Lee-Cooke,Bangalore,Continental,1,No,Yes,679,4.2,4589
1450,Jones Inc,Bangalore,Fast Food,3,Yes,Yes,877,2.7,2525
1451,"Wise, Conley and Stephenson",Pune,Fast Food,2,No,No,1099,4.6,3864
1452,Stanley PLC,Delhi,South Indian,2,Yes,Yes,931,3.6,3394
1453,Harper and Sons,Delhi,Chinese,1,Yes,No,988,5.0,3758
1454,White Ltd,Bangalore,Fast Food,3,Yes,Yes,1148,3.0,1458
1455,"Lamb, Martin and Kim",Kolkata,North Indian,1,No,No,578,4.3,1391
1456,Diaz-Ball,Bangalore,Street Food,1,Yes,No,1447,3.3,3524
1457,Bishop-Goodwin,Ahmedabad,Mughlai,1,Yes,Yes,914,4.9,2649
1458,Young-Allen,Hyderabad,North Indian,3,Yes,Yes,613,4.1,2830
1459,Mckee-Lee,Chennai,Chinese,1,No,No,492,2.2,384
1460,"Valentine, Joyce and Murray",Chennai,Continental,2,No,No,424,3.0,4025
1461,Strickland-Shaw,Kolkata,Italian,1,No,Yes,617,2.7,1084
1462,Burch-Montoya,Hyderabad,North Indian,3,Yes,Yes,900,4.1,316
1463,"Taylor, Wright and Davidson",Pune,Continental,3,Yes,Yes,371,4.0,171
1464,Spencer-Garcia,Delhi,South Indian,2,No,No,403,3.6,3896
1465,"Rosales, Mitchell and Hines",Bangalore,Italian,3,Yes,No,1011,4.0,4272
1466,Cole-Palmer,Chennai,Chinese,2,Yes,Yes,728,2.3,880
1467,Davis-Lozano,Ahmedabad,Italian,3,Yes,No,1221,4.9,2942
1468,Wilkerson-Arias,Pune,Continental,1,Yes,No,575,4.1,3947
1469,Brown-Shaw,Kolkata,Italian,1,Yes,Yes,376,4.5,4057
1470,Hughes Inc,Bangalore,South Indian,3,Yes,Yes,674,3.9,3751
1471,Walker-Flores,Chennai,Continental,2,Yes,Yes,507,4.6,2390
1472,Combs Ltd,Kolkata,Fast Food,2,Yes,Yes,243,2.0,1143
1473,Moody-Taylor,Bangalore,Fast Food,2,No,No,340,3.1,2817
1474,Lowery-Kennedy,Bangalore,South Indian,2,No,No,706,4.5,3927
1475,Blake Group,Pune,Chinese,1,Yes,Yes,476,2.3,4849
1476,Gilbert-Bullock,Ahmedabad,Street Food,1,No,No,1402,2.1,1080
1477,Scott and Sons,Ahmedabad,Street Food,1,No,No,244,2.2,2584
1478,"Bentley, Lynch and Henderson",Delhi,Italian,3,No,Yes,1036,4.0,2046
1479,Young-Martinez,Ahmedabad,Fast Food,3,No,Yes,1293,4.7,457
1480,Barnes PLC,Delhi,Chinese,3,No,No,488,2.2,4037
1481,Brown-Copeland,Kolkata,Italian,2,No,Yes,1188,2.7,3111
1482,Carlson-Smith,Pune,Italian,1,No,No,1323,3.3,4093
1483,"Andrews, Higgins and Carter",Ahmedabad,Fast Food,1,No,Yes,360,3.2,303
1484,Mendez and Sons,Delhi,South Indian,3,No,Yes,1490,4.0,2802
1485,"Butler, Beck and Miller",Kolkata,North Indian,1,No,No,1297,4.3,4924
1486,Jones-Fox,Ahmedabad,Fast Food,3,No,Yes,349,4.3,1826
1487,"Hartman, Romero and Smith",Delhi,Fast Food,2,No,No,367,2.1,1354
1488,Williams-Hughes,Ahmedabad,Chinese,3,No,Yes,670,3.8,1546
1489,King-Smith,Mumbai,Mughlai,1,No,Yes,842,2.3,3405
1490,Cooper Ltd,Delhi,South Indian,2,No,Yes,1171,2.0,407
1491,"Fuller, Ingram and Moss",Pune,Street Food,3,Yes,Yes,412,2.3,4929
1492,Anderson-Bell,Kolkata,Mughlai,2,Yes,No,964,4.9,2419
1493,Li-Thompson,Ahmedabad,Chinese,1,No,No,1271,4.6,4544
1494,"Marshall, Dominguez and Welch",Hyderabad,Italian,1,No,No,421,4.9,1466
1495,Brown Group,Kolkata,South Indian,2,No,No,1243,2.9,3470
1496,Carter Inc,Delhi,South Indian,1,No,Yes,258,4.0,1647
1497,Blackwell LLC,Chennai,Chinese,2,No,Yes,277,4.1,2427
1498,Robertson-Hays,Hyderabad,North Indian,2,No,Yes,1411,4.6,4612
1499,"Kennedy, Johnson and Lucas",Hyderabad,Mughlai,1,No,Yes,931,3.2,2571
1500,Kelly-Norman,Delhi,North Indian,3,No,Yes,1420,4.6,3639
1501,"Rivera, Martinez and Richardson",Hyderabad,Fast Food,3,Yes,Yes,752,3.3,620
1502,Paul-Kline,Bangalore,Chinese,3,Yes,No,233,3.3,4569
1503,Morgan-Lopez,Chennai,Chinese,1,No,Yes,826,3.4,1278
1504,"Jimenez, Glass and Stone",Delhi,Chinese,2,Yes,No,1154,4.4,4516
1505,Acosta Inc,Kolkata,South Indian,3,No,Yes,526,3.6,4148
1506,Morrison-Short,Bangalore,Mughlai,3,No,Yes,865,2.7,1757
1507,"Carter, Garcia and Murphy",Kolkata,Fast Food,2,No,Yes,1416,3.6,4608
1508,Parker-Morrison,Delhi,South Indian,3,No,No,642,4.7,2007
1509,Jackson-Wallace,Delhi,Fast Food,2,Yes,No,675,3.6,2326
1510,Williams-Berg,Delhi,Fast Food,3,No,No,239,2.9,1587
1511,Mendez-Graham,Kolkata,South Indian,1,Yes,Yes,1433,2.2,1756
1512,"Whitney, Gould and Jones",Pune,South Indian,1,No,Yes,464,2.1,2727
1513,"Sullivan, Palmer and Brady",Delhi,South Indian,1,Yes,Yes,665,3.7,4720
1514,Cisneros and Sons,Hyderabad,Continental,2,No,No,1440,3.2,2601
1515,"Gregory, Kim and Martinez",Delhi,Mughlai,3,Yes,Yes,1463,4.2,528
1516,Osborne LLC,Delhi,South Indian,2,Yes,No,767,3.8,2316
1517,Reyes-Bradley,Ahmedabad,Mughlai,2,Yes,No,470,3.6,1127
1518,"Hernandez, Cole and Watson",Pune,Continental,3,Yes,No,1476,3.1,101
1519,Hines-Berry,Bangalore,South Indian,1,Yes,No,1250,3.6,707
1520,"Richardson, Edwards and Ramirez",Chennai,Italian,3,No,Yes,995,4.7,4208
1521,Johnson and Sons,Bangalore,Chinese,1,Yes,No,547,2.3,4657
1522,Holmes-Mcintyre,Delhi,Street Food,3,Yes,No,287,2.8,1627
1523,Green LLC,Ahmedabad,Fast Food,2,Yes,Yes,354,2.9,581
1524,"Griffin, Davies and Mitchell",Hyderabad,Fast Food,2,No,No,1412,4.0,4795
1525,Gonzalez-Taylor,Bangalore,Fast Food,2,No,Yes,159,2.9,1824
1526,Hayes Ltd,Pune,Continental,2,Yes,No,1132,3.4,2948
1527,Osborn-Cochran,Chennai,Street Food,3,Yes,Yes,1472,3.8,2308
1528,Contreras-Mckinney,Bangalore,Italian,2,Yes,Yes,188,4.5,265
1529,"Daniels, Vance and York",Pune,Italian,1,No,No,1489,4.3,3006
1530,"Mckinney, Graves and Thompson",Pune,Italian,3,No,Yes,1101,3.5,751
1531,Hicks-Martinez,Pune,Fast Food,3,Yes,Yes,1407,4.1,4221
1532,Conner and Sons,Bangalore,Street Food,1,Yes,Yes,1140,4.8,341
1533,Johnson-Spencer,Hyderabad,Street Food,1,Yes,No,906,2.7,1703
1534,Mcdonald-Bird,Kolkata,Mughlai,2,No,Yes,231,4.9,2664
1535,Salazar Inc,Mumbai,Continental,3,No,Yes,921,4.0,3002
1536,Parker Ltd,Mumbai,Continental,2,Yes,No,872,4.5,2836
1537,"Mendoza, Jenkins and Ortiz",Ahmedabad,Street Food,3,Yes,Yes,1050,2.5,641
1538,"Jones, Compton and Day",Chennai,Italian,1,Yes,Yes,891,3.8,979
1539,Owens-Holmes,Hyderabad,Mughlai,2,Yes,No,1130,3.4,4849
1540,Humphrey PLC,Bangalore,Mughlai,1,Yes,Yes,411,3.7,1329
1541,"Matthews, Saunders and Anderson",Bangalore,North Indian,3,Yes,Yes,490,2.8,1484
1542,"Bartlett, Brown and Martinez",Pune,North Indian,3,No,Yes,593,3.3,3871
1543,Torres and Sons,Ahmedabad,Chinese,1,No,Yes,1343,4.5,1499
1544,Donovan-Perez,Chennai,Chinese,3,No,No,1371,3.8,1892
1545,"Jacobson, Singleton and King",Pune,Mughlai,1,Yes,Yes,564,3.6,4141
1546,"Huber, Hill and Weber",Pune,Chinese,3,Yes,Yes,1124,4.7,4923
1547,"Ferguson, Shaw and Jackson",Delhi,South Indian,1,No,Yes,1385,3.6,19
1548,"Moore, Hopkins and Le",Pune,Mughlai,2,Yes,No,619,4.8,3959
1549,"Morgan, Bradshaw and Williams",Pune,Fast Food,3,Yes,No,424,2.8,1914
1550,Miller Ltd,Mumbai,Continental,3,No,No,537,2.0,68
1551,"Baker, Clark and Armstrong",Mumbai,North Indian,2,Yes,No,987,3.1,1277
1552,"Fowler, Jimenez and Burton",Pune,Continental,2,No,No,1403,2.8,3265
1553,May-Turner,Hyderabad,Mughlai,3,No,Yes,908,3.7,3972
1554,Ballard Ltd,Chennai,Continental,3,No,No,432,4.6,985
1555,Evans-Jones,Hyderabad,Street Food,3,Yes,Yes,589,3.5,2782
1556,Moore Group,Delhi,Chinese,2,Yes,Yes,447,3.4,4927
1557,Marshall-Peterson,Pune,South Indian,1,No,Yes,909,2.2,319
1558,Edwards Ltd,Pune,Mughlai,3,No,Yes,508,3.9,3606
1559,Gross-Valencia,Delhi,Italian,3,No,Yes,218,4.4,4192
1560,Anderson-Wood,Hyderabad,Chinese,3,Yes,No,639,4.0,1299
1561,"Rodriguez, Allen and Martinez",Mumbai,Continental,2,No,No,980,3.8,4251
1562,Wright-Davis,Delhi,South Indian,1,No,No,861,4.9,2275
1563,Dougherty-Lin,Hyderabad,Italian,2,No,Yes,684,2.5,4157
1564,Wright-Grimes,Mumbai,South Indian,3,No,No,389,4.4,2121
1565,Li PLC,Chennai,Street Food,2,No,Yes,845,4.9,3768
1566,"Edwards, Hines and Jimenez",Ahmedabad,North Indian,2,Yes,No,288,3.1,1815
1567,"Owens, Koch and Jimenez",Hyderabad,Fast Food,2,No,Yes,689,2.7,771
1568,Landry PLC,Pune,Fast Food,1,Yes,No,792,3.1,4709
1569,Levy-Lewis,Chennai,Chinese,3,Yes,No,558,2.7,1992
1570,Williams-Campbell,Chennai,Italian,1,Yes,Yes,1416,3.1,883
1571,"Khan, Pena and Ruiz",Mumbai,South Indian,3,No,Yes,1258,4.9,3960
1572,"Smith, Rodriguez and Anderson",Kolkata,Fast Food,2,No,No,524,5.0,4197
1573,Luna-Gallagher,Chennai,Mughlai,1,Yes,Yes,1226,4.4,3928
1574,Williams-Williams,Delhi,Fast Food,2,Yes,No,396,4.1,3778
1575,"Lee, Tran and Jones",Kolkata,North Indian,1,Yes,No,1339,2.3,2972
1576,"Cole, Pierce and Bryan",Chennai,Chinese,3,No,Yes,701,3.4,2820
1577,"Becker, Wilson and Hester",Kolkata,Chinese,2,No,Yes,1008,4.1,3059
1578,Brooks-Hatfield,Kolkata,Mughlai,2,No,Yes,1320,2.4,4727
1579,"Mcmillan, Fischer and Gonzalez",Hyderabad,South Indian,3,No,Yes,1287,3.3,3130
1580,"Morales, Williams and Williams",Hyderabad,Chinese,3,Yes,No,169,2.5,4102
1581,"Cook, Wells and Bryant",Bangalore,Fast Food,2,No,No,1301,4.6,400
1582,"Barry, Taylor and Velazquez",Pune,South Indian,3,Yes,Yes,591,4.4,3913
1583,Martin-Ewing,Mumbai,Street Food,3,No,No,889,3.1,4576
1584,"Kirby, Wheeler and Romero",Chennai,Fast Food,1,No,Yes,869,4.6,4970
1585,"Patel, Erickson and Evans",Hyderabad,Chinese,2,No,No,1195,3.5,3671
1586,Richardson Ltd,Mumbai,Mughlai,3,No,No,1443,4.9,1382
1587,Whitney PLC,Kolkata,Mughlai,3,No,Yes,312,2.5,1879
1588,Robles-Swanson,Kolkata,Fast Food,3,No,No,1389,3.9,2232
1589,"Soto, Carlson and Baker",Ahmedabad,Fast Food,3,No,No,492,2.6,199
1590,"Patton, Parsons and Lane",Bangalore,Italian,3,No,Yes,581,2.5,853
1591,"Williams, Castillo and Warren",Mumbai,South Indian,2,Yes,Yes,963,3.6,691
1592,"Harvey, Randall and Hernandez",Mumbai,Continental,3,Yes,Yes,1491,4.8,3203
1593,"Allen, Armstrong and Graves",Chennai,Italian,1,No,No,1433,2.4,4325
1594,Smith LLC,Bangalore,North Indian,1,No,No,1125,3.4,4438
1595,Hernandez-Vaughn,Chennai,Street Food,1,Yes,No,1442,4.2,4630
1596,Shaw-Carr,Pune,Continental,2,No,Yes,333,3.3,3006
1597,Salas-Fitzgerald,Pune,Continental,1,No,Yes,150,3.6,1126
1598,Thornton PLC,Kolkata,Continental,2,Yes,No,1127,2.9,3536
1599,Hoffman Ltd,Chennai,Italian,1,No,Yes,993,4.6,3590
1600,Fox-Edwards,Pune,Italian,1,No,No,601,2.8,3468
1601,Stevens PLC,Hyderabad,Continental,2,No,No,535,4.6,1504
1602,Payne-Lowe,Bangalore,Continental,1,No,No,707,4.1,4040
1603,"Becker, Lara and Baker",Hyderabad,Fast Food,1,Yes,Yes,1245,2.1,847
1604,Lee-Wright,Chennai,Continental,1,No,Yes,626,2.3,130
1605,"Evans, David and Hendrix",Ahmedabad,Italian,2,No,No,1170,5.0,3808
1606,Bush-Vaughn,Delhi,Fast Food,1,Yes,Yes,695,4.3,594
1607,Stewart-Bailey,Ahmedabad,Chinese,1,No,No,175,2.4,2049
1608,"Hill, Martinez and Rhodes",Pune,Street Food,1,Yes,Yes,1093,4.2,779
1609,Huang-Foster,Hyderabad,Street Food,2,No,No,474,3.9,355
1610,Blevins-Ballard,Mumbai,Continental,2,No,Yes,888,4.7,1794
1611,Williams-Moses,Mumbai,Italian,3,No,No,180,2.5,2271
1612,Reed Group,Mumbai,Mughlai,1,Yes,Yes,1340,4.4,3903
1613,"Scott, Mendoza and Harris",Bangalore,Fast Food,1,Yes,Yes,1173,2.3,2782
1614,"Nelson, Hoffman and Nelson",Delhi,North Indian,2,Yes,Yes,407,3.5,2604
1615,Gilbert PLC,Kolkata,Street Food,3,Yes,Yes,923,3.1,1113
1616,Sanchez Ltd,Chennai,North Indian,2,No,No,1261,4.1,1564
1617,"Perez, Hall and Garcia",Bangalore,Fast Food,2,No,No,1376,4.7,4552
1618,Love-Garcia,Bangalore,South Indian,3,Yes,No,755,4.5,4446
1619,Smith PLC,Kolkata,Street Food,1,No,Yes,188,3.9,2992
1620,Russell Group,Hyderabad,Fast Food,3,Yes,No,538,3.6,4085
1621,Santos-Avila,Bangalore,Continental,2,No,No,376,2.3,556
1622,Morris-Brewer,Delhi,Chinese,1,Yes,Yes,369,3.5,818
1623,Pearson and Sons,Delhi,Mughlai,3,No,No,250,3.1,4973
1624,"Rodgers, Jefferson and Johnson",Mumbai,North Indian,1,No,Yes,1108,4.4,507
1625,Butler and Sons,Kolkata,Mughlai,2,Yes,No,1233,2.1,586
1626,Osborn Group,Chennai,South Indian,1,Yes,Yes,623,3.6,1562
1627,Lopez-Curry,Hyderabad,Italian,3,Yes,No,366,4.3,4733
1628,Mcdowell-Smith,Kolkata,Street Food,3,No,Yes,491,4.4,4515
1629,"Morrison, Hebert and Rogers",Pune,Fast Food,3,Yes,No,871,4.7,4516
1630,Hays-Daniels,Kolkata,Fast Food,2,No,No,1396,2.7,4479
1631,Small-Anderson,Hyderabad,Mughlai,3,No,No,1076,3.3,3262
1632,"Mcdonald, Lee and Rodriguez",Delhi,North Indian,2,Yes,Yes,768,2.0,1827
1633,Simon Ltd,Hyderabad,Fast Food,1,No,Yes,343,2.1,2923
1634,Higgins-Smith,Bangalore,Chinese,2,No,Yes,627,2.8,2470
1635,Gibbs-Bradley,Mumbai,Mughlai,3,Yes,Yes,814,4.4,1426
1636,Thompson Ltd,Ahmedabad,South Indian,3,No,Yes,1330,3.1,468
1637,Wilcox-Robertson,Kolkata,Fast Food,2,No,Yes,614,4.2,4944
1638,Morales Inc,Delhi,Mughlai,1,No,Yes,803,3.6,1235
1639,Holden Group,Kolkata,Italian,1,Yes,No,1062,4.3,4722
1640,Boyle-Smith,Mumbai,Italian,2,No,No,453,2.4,686
1641,Young-Molina,Ahmedabad,North Indian,3,No,No,324,3.2,3569
1642,Turner-Sharp,Bangalore,Chinese,2,Yes,No,959,4.0,1616
1643,Green LLC,Hyderabad,Italian,1,No,No,812,4.1,4728
1644,"Young, Contreras and Marshall",Mumbai,South Indian,3,No,No,898,3.0,2637
1645,Sullivan PLC,Kolkata,North Indian,2,Yes,No,1412,4.5,3632
1646,"Carrillo, Vaughn and Fowler",Bangalore,Street Food,1,Yes,Yes,915,2.5,712
1647,Richardson-Walker,Mumbai,North Indian,1,Yes,No,178,3.0,921
1648,Mendoza Group,Chennai,Street Food,2,Yes,No,578,4.2,1745
1649,"Zhang, Brooks and Miles",Hyderabad,Continental,3,No,Yes,187,3.1,4325
1650,Todd-Pham,Delhi,Continental,1,Yes,No,561,4.4,2232
1651,Gill Ltd,Delhi,Street Food,3,Yes,Yes,945,4.0,2960
1652,"Marks, Miller and Griffin",Mumbai,North Indian,2,No,Yes,929,3.5,825
1653,"Cox, Stark and Rodriguez",Kolkata,Street Food,3,Yes,Yes,557,3.5,3761
1654,"Leach, Harris and Herrera",Delhi,North Indian,1,No,No,1153,3.2,1296
1655,Murphy PLC,Delhi,Fast Food,3,No,No,1430,2.9,4116
1656,Wilson-Harris,Chennai,North Indian,3,No,No,210,4.8,2305
1657,"Burns, Nolan and Griffin",Hyderabad,Chinese,2,No,Yes,329,4.2,4275
1658,Chavez PLC,Hyderabad,Mughlai,1,Yes,No,789,4.7,2707
1659,Bryant-Brown,Ahmedabad,Chinese,1,Yes,Yes,432,2.9,4301
1660,Chambers-Parker,Bangalore,Mughlai,1,Yes,No,288,3.7,979
1661,Foster Inc,Bangalore,Fast Food,1,Yes,No,997,4.9,2495
1662,"Robinson, Jones and Henderson",Ahmedabad,Continental,1,Yes,Yes,419,2.6,2196
1663,"Brown, Mcknight and Michael",Hyderabad,Italian,1,Yes,No,312,4.1,3914
1664,Andersen Group,Bangalore,Street Food,3,No,Yes,943,3.5,1136
1665,Mitchell and Sons,Bangalore,Italian,1,Yes,No,180,4.8,3393
1666,Cannon Ltd,Hyderabad,Italian,1,Yes,Yes,1049,4.6,4023
1667,"Stuart, Brooks and Vance",Kolkata,Street Food,1,No,No,235,3.8,3126
1668,Kane-Knox,Kolkata,Mughlai,3,Yes,Yes,1074,3.4,357
1669,Miller-Brandt,Hyderabad,Mughlai,3,Yes,No,1207,4.3,413
1670,"Anderson, Dalton and Wilson",Hyderabad,Continental,2,No,No,735,3.4,3470
1671,"Long, Anderson and Irwin",Chennai,North Indian,3,Yes,No,1473,3.4,4111
1672,Avila LLC,Mumbai,Chinese,3,Yes,No,996,3.0,214
1673,Nunez-Stephens,Bangalore,Street Food,3,Yes,No,334,2.8,1353
1674,"Gray, Hall and Murray",Mumbai,South Indian,1,No,No,324,3.6,3156
1675,Hill Ltd,Bangalore,Mughlai,3,No,Yes,499,4.7,4642
1676,Johnson Ltd,Bangalore,Chinese,1,Yes,Yes,1009,2.9,3665
1677,Mendez-Mayer,Chennai,Chinese,1,Yes,Yes,157,3.9,2083
1678,Allen Inc,Delhi,Street Food,2,No,Yes,1395,4.6,1958
1679,Wheeler Group,Hyderabad,Street Food,2,No,No,312,3.8,63
1680,"Powers, Brennan and Sanchez",Hyderabad,Continental,3,Yes,Yes,528,2.4,2869
1681,Morales and Sons,Delhi,Chinese,1,No,No,329,2.1,3425
1682,"Robinson, Shields and Brown",Bangalore,Chinese,3,No,Yes,1082,4.2,2960
1683,"Holder, Young and Hendricks",Delhi,South Indian,2,No,No,926,4.5,3510
1684,"Flores, Harper and Chambers",Mumbai,Continental,2,Yes,Yes,712,3.0,3399
1685,Young-Walter,Hyderabad,Italian,3,Yes,Yes,1320,4.2,4343
1686,"Boyd, Gutierrez and Hill",Mumbai,Street Food,3,No,No,1396,4.5,2137
1687,"Fry, Hobbs and Buck",Kolkata,Chinese,3,No,No,1158,4.4,1916
1688,"Shelton, Peters and Williams",Chennai,Italian,1,Yes,Yes,1102,3.9,976
1689,David-Powers,Hyderabad,Mughlai,2,Yes,No,866,3.7,1749
1690,"Flores, Butler and Hernandez",Delhi,Italian,3,No,No,288,2.9,4160
1691,White-Medina,Kolkata,North Indian,1,No,No,961,4.2,248
1692,Atkinson LLC,Bangalore,Italian,2,No,No,1121,4.4,1122
1693,"Thomas, Ford and Brown",Ahmedabad,Chinese,3,No,No,1097,4.4,3401
1694,Faulkner-Grant,Delhi,Continental,3,No,Yes,576,3.7,2727
1695,Price LLC,Kolkata,South Indian,1,No,Yes,844,5.0,4386
1696,Rivera Inc,Bangalore,Mughlai,1,Yes,No,794,4.1,2234
1697,Boone-Davis,Pune,South Indian,2,Yes,No,1075,4.5,2489
1698,"Calderon, Williams and Bennett",Hyderabad,Continental,1,Yes,No,226,4.3,768
1699,"Morrison, Russo and Lopez",Ahmedabad,North Indian,2,Yes,Yes,846,4.8,4299
1700,"Ramsey, Hansen and Mendoza",Chennai,Fast Food,1,Yes,Yes,570,4.2,3773
1701,Turner-Stout,Pune,South Indian,1,No,Yes,1367,4.6,2740
1702,Giles Ltd,Ahmedabad,North Indian,1,No,Yes,1332,4.3,1729
1703,Burgess Group,Kolkata,Italian,1,No,No,1240,3.0,3623
1704,Dominguez Ltd,Mumbai,Continental,1,Yes,No,384,2.0,4594
1705,Sanders and Sons,Mumbai,Italian,3,No,No,705,2.4,2330
1706,"Morris, Campbell and Owens",Hyderabad,Chinese,1,No,No,1257,3.3,1075
1707,"Howard, Green and Hunt",Delhi,Street Food,3,Yes,Yes,935,2.2,3503
1708,Owens-Lang,Pune,Chinese,3,No,No,789,3.0,1633
1709,"Harrison, Franco and Rocha",Mumbai,Street Food,3,Yes,Yes,1109,2.3,2552
1710,Edwards-Williams,Ahmedabad,Street Food,1,Yes,Yes,1413,2.8,2987
1711,Figueroa Inc,Pune,Chinese,3,No,No,1078,3.5,545
1712,Tran-Silva,Ahmedabad,South Indian,2,No,No,499,2.8,2865
1713,"Butler, Hernandez and Rivera",Bangalore,South Indian,2,Yes,No,1288,3.9,2484
1714,Hudson-Sanchez,Ahmedabad,Mughlai,3,No,Yes,1421,2.7,1312
1715,"Pena, Cohen and Scott",Ahmedabad,Mughlai,1,No,Yes,1360,3.3,3576
1716,Levy-May,Kolkata,Italian,1,Yes,No,384,3.8,3802
1717,Murray-Oconnor,Kolkata,South Indian,2,Yes,No,981,2.2,900
1718,Jackson-Cortez,Pune,Fast Food,2,Yes,Yes,595,4.5,4767
1719,White-Preston,Delhi,Chinese,3,Yes,No,1238,2.9,4744
1720,"Bernard, Warren and Combs",Ahmedabad,Italian,1,No,No,1317,4.4,2504
1721,Landry Ltd,Pune,Fast Food,1,Yes,No,411,4.6,521
1722,Duran Group,Kolkata,North Indian,1,No,Yes,727,4.6,1937
1723,Kirby and Sons,Pune,Mughlai,3,No,No,981,3.1,4475
1724,Mann Inc,Hyderabad,Chinese,2,Yes,Yes,1287,3.2,2961
1725,Wagner LLC,Pune,Chinese,2,Yes,Yes,173,2.2,138
1726,Williamson Ltd,Bangalore,Street Food,3,No,Yes,323,2.4,3416
1727,"Durham, Hopkins and Smith",Ahmedabad,Mughlai,3,Yes,No,1193,3.3,3696
1728,"Arnold, Smith and Moreno",Pune,Fast Food,1,Yes,No,1388,2.0,4090
1729,Nichols-Mitchell,Hyderabad,Continental,2,No,Yes,227,3.7,3029
1730,"Li, Craig and Drake",Mumbai,Street Food,3,Yes,Yes,1228,5.0,2299
1731,Rodriguez Inc,Ahmedabad,South Indian,3,Yes,Yes,1117,3.9,649
1732,"Hernandez, Lee and Fox",Chennai,North Indian,2,Yes,No,1079,3.5,3853
1733,Adams-Sanders,Kolkata,Mughlai,2,No,No,493,2.1,4905
1734,Chung-Stevens,Chennai,Continental,1,No,Yes,1323,2.2,2400
1735,Branch and Sons,Delhi,Continental,2,Yes,Yes,1185,2.2,2286
1736,Sutton-Abbott,Chennai,Chinese,3,No,No,676,2.0,923
1737,"Frey, Santos and Johnson",Bangalore,Chinese,3,No,No,509,2.8,1944
1738,Gray-Tran,Ahmedabad,Chinese,3,Yes,No,322,4.9,4888
1739,Walsh Ltd,Bangalore,Street Food,2,No,Yes,1051,4.2,1380
1740,Miller Group,Hyderabad,Fast Food,1,No,Yes,257,2.5,3276
1741,"Mueller, Knight and Hodge",Ahmedabad,Continental,2,Yes,No,948,3.4,1199
1742,Jacobson Inc,Pune,North Indian,2,No,No,796,4.9,346
1743,Lewis Ltd,Mumbai,Fast Food,2,No,No,703,2.8,815
1744,"Alvarez, Williams and Jones",Chennai,Mughlai,2,Yes,Yes,1214,3.0,1483
1745,Lam-Elliott,Kolkata,North Indian,3,Yes,Yes,174,3.2,4312
1746,White LLC,Mumbai,Street Food,2,Yes,No,665,2.6,204
1747,Ali PLC,Mumbai,North Indian,3,Yes,Yes,395,2.3,4963
1748,Goodwin Ltd,Bangalore,Mughlai,3,Yes,Yes,527,2.8,3835
1749,Hickman-Evans,Mumbai,Street Food,2,No,No,677,2.5,616
1750,"Allen, Davenport and Price",Chennai,North Indian,2,No,No,273,2.8,2178
1751,"Rivera, Campos and Taylor",Bangalore,Street Food,1,No,Yes,1399,3.2,4040
1752,"Ramsey, Mason and Mccann",Mumbai,Chinese,3,No,Yes,1407,3.9,3627
1753,Davis and Sons,Chennai,South Indian,1,Yes,Yes,1320,4.2,3662
1754,Peterson PLC,Delhi,Street Food,1,Yes,Yes,949,2.8,2711
1755,"Sanders, Ayala and Johnson",Pune,North Indian,3,No,No,1043,3.2,584
1756,Bowers-Hayes,Hyderabad,North Indian,2,No,Yes,1311,3.6,2950
1757,Kelly Group,Kolkata,Continental,2,Yes,Yes,898,3.6,2795
1758,Lopez-Willis,Mumbai,Street Food,2,Yes,Yes,1285,2.1,3157
1759,Miller-Montgomery,Hyderabad,Continental,3,No,Yes,1441,4.1,3995
1760,Marquez Inc,Mumbai,Street Food,3,Yes,Yes,223,2.6,4867
1761,Moore-Dawson,Hyderabad,Street Food,2,Yes,No,1173,3.6,3690
1762,"Moore, Price and Ward",Delhi,North Indian,2,Yes,No,237,3.2,1744
1763,Smith LLC,Ahmedabad,Chinese,3,Yes,Yes,225,4.2,4015
1764,Ward-Nelson,Delhi,Street Food,3,Yes,Yes,1478,2.4,1421
1765,Miller Group,Delhi,Continental,1,No,Yes,1360,2.2,881
1766,Hawkins-Hunt,Mumbai,Street Food,3,Yes,Yes,565,3.3,3303
1767,Johnson LLC,Kolkata,South Indian,3,Yes,No,586,4.3,4868
1768,"Davis, George and Nguyen",Bangalore,Fast Food,1,Yes,No,439,4.3,1386
1769,Smith-Gutierrez,Kolkata,Chinese,2,Yes,Yes,423,2.3,3091
1770,Hardy PLC,Bangalore,North Indian,2,Yes,Yes,164,2.5,740
1771,Armstrong and Sons,Chennai,Mughlai,3,No,Yes,572,2.4,2229
1772,"James, Taylor and Turner",Ahmedabad,Mughlai,1,Yes,Yes,1371,2.5,4105
1773,Thomas-Jackson,Mumbai,Continental,2,No,Yes,1292,2.7,972
1774,Fisher-Washington,Mumbai,Fast Food,3,Yes,No,1432,4.0,2274
1775,Ward and Sons,Delhi,Italian,1,Yes,No,1168,2.5,363
1776,"Weber, Wheeler and Gonzalez",Delhi,Fast Food,2,Yes,No,664,3.0,3722
1777,Taylor Inc,Delhi,South Indian,3,Yes,Yes,473,4.4,3983
1778,Cook-Oliver,Mumbai,South Indian,1,No,No,1008,2.6,2678
1779,Alexander-Jordan,Hyderabad,South Indian,2,Yes,Yes,635,4.2,1648
1780,"Mccann, Taylor and Flores",Pune,Italian,1,No,No,261,4.7,1197
1781,"Harris, Edwards and Oconnell",Hyderabad,Street Food,1,No,No,429,3.4,1600
1782,Carter-Neal,Kolkata,Continental,1,No,Yes,215,4.1,498
1783,Faulkner-Casey,Chennai,Chinese,1,No,No,1006,2.5,2824
1784,Bennett-Velasquez,Hyderabad,Continental,3,Yes,Yes,1333,4.9,1891
1785,Diaz-Frederick,Mumbai,Mughlai,3,No,Yes,1361,3.4,3800
1786,Vargas PLC,Chennai,North Indian,3,No,Yes,657,3.0,4756
1787,Maldonado PLC,Hyderabad,Chinese,3,Yes,No,240,2.1,3865
1788,Benton Group,Delhi,Mughlai,3,No,No,350,3.4,1980
1789,"Clark, Salinas and Guerra",Mumbai,North Indian,3,No,Yes,421,3.1,1968
1790,Fuentes Group,Mumbai,North Indian,2,No,Yes,1090,4.6,4791
1791,"Porter, Schultz and Allen",Delhi,Street Food,2,Yes,No,528,4.4,3044
1792,"Moore, Henderson and Bennett",Ahmedabad,North Indian,3,Yes,No,831,3.6,2439
1793,Ewing-Mendoza,Pune,Continental,3,Yes,Yes,1420,4.6,459
1794,Ferguson-Mclean,Kolkata,North Indian,1,No,No,1103,3.9,3004
1795,"Barnes, Johnson and Schmitt",Kolkata,Chinese,3,Yes,Yes,433,4.9,1964
1796,"Woodard, Herrera and Little",Mumbai,Street Food,3,Yes,Yes,806,3.1,2200
1797,Rodriguez and Sons,Pune,Continental,1,Yes,No,857,3.4,4117
1798,"Ortega, Jackson and Salazar",Mumbai,Street Food,3,No,No,1421,3.1,547
1799,"Terrell, Byrd and Ross",Hyderabad,Street Food,1,Yes,No,516,2.9,640
1800,Sheppard-Jordan,Mumbai,Chinese,2,Yes,Yes,1166,2.5,1683
1801,Garcia and Sons,Delhi,Continental,2,Yes,No,860,3.3,185
1802,"Burgess, Grant and Watts",Chennai,Italian,1,Yes,Yes,1214,3.9,3382
1803,Griffin Group,Kolkata,Fast Food,2,No,No,772,3.7,2520
1804,Barton-Chapman,Bangalore,Continental,1,No,No,740,4.3,397
1805,"Hernandez, Cuevas and Webb",Bangalore,Fast Food,2,No,Yes,1416,4.8,4395
1806,Perry-Nixon,Chennai,Chinese,1,Yes,Yes,637,2.4,2603
1807,Guerra Ltd,Bangalore,Street Food,2,No,Yes,570,3.7,294
1808,Bailey LLC,Kolkata,Fast Food,1,No,No,1255,4.9,4381
1809,Mueller-Boyd,Chennai,South Indian,1,No,No,447,4.8,2633
1810,Alvarez-Kim,Bangalore,North Indian,3,No,No,1120,4.7,4709
1811,"Chavez, Jones and Williams",Bangalore,Street Food,2,Yes,No,232,2.4,4523
1812,"Wilson, Sweeney and Wong",Mumbai,Continental,1,No,Yes,1063,3.1,2683
1813,"Marsh, Spears and Yang",Delhi,Italian,3,Yes,No,550,2.1,4420
1814,"Thompson, Moore and Castro",Ahmedabad,South Indian,3,No,Yes,1154,3.0,4966
1815,Hall-Sullivan,Delhi,Fast Food,2,Yes,No,907,3.2,109
1816,Lopez Ltd,Chennai,Fast Food,2,No,No,1298,2.3,3649
1817,Foster-Mclaughlin,Pune,Street Food,2,Yes,No,998,2.4,4820
1818,Cole Group,Mumbai,Chinese,1,No,No,1225,5.0,551
1819,Smith-Lewis,Pune,South Indian,1,No,No,998,2.5,3795
1820,Goodwin-Stokes,Bangalore,Italian,1,No,No,1284,3.5,2483
1821,Ray PLC,Chennai,Street Food,3,No,Yes,204,4.4,1271
1822,Diaz and Sons,Chennai,Continental,3,No,Yes,1489,4.0,2366
1823,Wilson-Lambert,Pune,Chinese,2,Yes,Yes,394,4.3,4049
1824,Rose-Fowler,Mumbai,Fast Food,3,No,No,678,3.9,3909
1825,"Price, Long and Wilson",Mumbai,Fast Food,3,Yes,No,483,3.7,1207
1826,Bruce-Williamson,Kolkata,Street Food,3,Yes,No,484,2.2,2968
1827,"Mccarthy, Evans and Mendez",Pune,Fast Food,1,No,No,1234,3.9,639
1828,Powers LLC,Hyderabad,Chinese,1,Yes,No,797,4.5,2476
1829,Allen Inc,Chennai,Fast Food,1,No,Yes,176,2.4,2315
1830,Brooks and Sons,Kolkata,Street Food,2,No,Yes,359,2.7,4133
1831,"Price, Carlson and Andrews",Hyderabad,Italian,3,Yes,No,1093,4.7,964
1832,Lopez-Reid,Bangalore,North Indian,2,No,No,892,2.4,3630
1833,"Ellison, Arias and Thompson",Kolkata,Chinese,3,No,Yes,392,2.7,1176
1834,Burns and Sons,Hyderabad,Continental,1,Yes,Yes,310,3.3,925
1835,Edwards Group,Mumbai,North Indian,2,No,Yes,552,2.3,4216
1836,"Brown, Howard and Smith",Delhi,Street Food,1,No,Yes,285,2.9,94
1837,Lee Group,Mumbai,South Indian,3,Yes,Yes,528,4.0,249
1838,"Wagner, Simpson and Cohen",Mumbai,Chinese,3,No,No,871,2.5,4111
1839,Mckinney-Wallace,Hyderabad,South Indian,1,Yes,Yes,542,4.9,1417
1840,Miller Inc,Delhi,South Indian,1,No,No,1357,2.6,889
1841,Carter LLC,Bangalore,Fast Food,2,No,Yes,1203,2.7,934
1842,Medina and Sons,Kolkata,South Indian,2,Yes,Yes,1165,4.3,2371
1843,Cunningham-Barton,Delhi,South Indian,2,No,Yes,938,2.9,4928
1844,Dunn-Wilson,Chennai,Street Food,1,No,No,1026,2.6,580
1845,Adams PLC,Ahmedabad,Fast Food,1,Yes,No,365,3.2,4291
1846,Weaver-Sherman,Mumbai,South Indian,1,No,No,1359,4.9,1392
1847,"Alexander, Robinson and Coleman",Mumbai,Fast Food,1,No,Yes,1368,4.5,3321
1848,"Greer, Potter and Evans",Mumbai,Italian,2,No,No,1341,3.8,3288
1849,Cole LLC,Kolkata,Street Food,3,No,No,1197,2.8,3734
1850,Gonzales Inc,Mumbai,South Indian,2,No,No,622,3.9,1112
1851,Clark Ltd,Delhi,South Indian,3,Yes,Yes,1170,4.0,1477
1852,"Norris, Callahan and Bishop",Pune,Fast Food,1,No,Yes,306,4.0,4269
1853,Martin-Taylor,Ahmedabad,Street Food,1,No,No,1154,3.5,4453
1854,Li Inc,Kolkata,North Indian,1,No,Yes,935,3.4,3092
1855,"Bell, Campbell and Ryan",Ahmedabad,Street Food,1,Yes,Yes,1290,4.0,2492
1856,Werner-Carter,Bangalore,Street Food,2,Yes,No,946,3.5,906
1857,"Adams, Hodge and Duke",Ahmedabad,Street Food,2,Yes,Yes,951,2.8,4851
1858,"Ochoa, Taylor and Brady",Pune,Fast Food,2,No,Yes,207,3.8,1060
1859,Sellers-Riddle,Kolkata,Fast Food,3,Yes,No,929,2.3,2837
1860,"Martinez, Cline and Wright",Kolkata,Mughlai,2,Yes,Yes,657,2.7,2566
1861,"Morris, Wright and Bridges",Mumbai,South Indian,2,Yes,No,497,2.1,2681
1862,Burns-Ray,Delhi,Street Food,3,No,No,696,2.1,3857
1863,Burton-Brooks,Delhi,Fast Food,2,No,No,1322,2.3,4010
1864,Schultz Inc,Mumbai,Italian,2,No,No,491,3.8,2986
1865,Robertson-Ramirez,Pune,Italian,2,Yes,Yes,738,2.8,2445
1866,Gibson-Freeman,Pune,Italian,3,Yes,Yes,1362,3.0,561
1867,"Smith, Schroeder and Oconnor",Ahmedabad,Mughlai,1,No,Yes,1484,4.5,4144
1868,"Stanton, Reid and Terry",Chennai,Mughlai,3,No,Yes,998,3.2,4231
1869,Flynn Group,Ahmedabad,Chinese,1,Yes,No,586,4.0,3838
1870,Donaldson and Sons,Chennai,Mughlai,3,Yes,Yes,896,3.4,1979
1871,Adams-Clayton,Bangalore,Continental,2,No,No,281,3.9,3388
1872,Kelley-Anderson,Chennai,Continental,3,Yes,No,1381,2.7,1963
1873,Kramer-Shannon,Mumbai,Chinese,1,Yes,Yes,785,3.4,4596
1874,Williams Ltd,Pune,Mughlai,3,Yes,Yes,476,2.8,248
1875,Smith-Noble,Chennai,Continental,3,Yes,Yes,1145,4.3,463
1876,Alexander Inc,Mumbai,Fast Food,3,No,Yes,983,4.7,749
1877,Harris-Barker,Pune,Chinese,1,Yes,Yes,1218,4.0,4764
1878,Khan LLC,Chennai,Street Food,1,Yes,Yes,791,3.0,4796
1879,Baxter LLC,Pune,Italian,2,Yes,Yes,368,2.5,2259
1880,Pena LLC,Ahmedabad,Mughlai,2,Yes,No,1242,3.1,935
1881,Watson Ltd,Kolkata,Mughlai,2,Yes,No,446,3.1,3022
1882,Williams Ltd,Chennai,North Indian,3,Yes,Yes,640,2.8,3161
1883,Barber-Fischer,Chennai,Fast Food,3,Yes,Yes,1056,3.2,3229
1884,Rios-Padilla,Chennai,Continental,1,Yes,No,580,4.6,1322
1885,Lewis Inc,Ahmedabad,Fast Food,3,No,Yes,711,4.6,4037
1886,Wheeler PLC,Ahmedabad,Mughlai,2,No,Yes,478,4.1,4157
1887,"Wallace, Smith and Cooper",Mumbai,Fast Food,2,No,No,206,4.3,1515
1888,Mcneil Group,Ahmedabad,Chinese,1,No,Yes,1436,2.9,4727
1889,"Anderson, Jones and Reyes",Mumbai,South Indian,1,Yes,Yes,1366,4.1,2626
1890,"Shaffer, Garcia and Richardson",Ahmedabad,Street Food,3,Yes,No,505,4.1,2693
1891,Taylor-Ayala,Chennai,Italian,1,No,No,522,3.2,3101
1892,May Ltd,Hyderabad,North Indian,1,Yes,Yes,1097,2.6,1392
1893,Jones PLC,Delhi,Mughlai,3,No,No,455,2.3,3024
1894,Bishop and Sons,Bangalore,South Indian,1,No,No,1162,2.4,1674
1895,Bell-Lewis,Hyderabad,Continental,2,No,No,416,3.3,1702
1896,"Hernandez, Jenkins and Parks",Hyderabad,Continental,3,Yes,No,519,3.2,1205
1897,Miller Inc,Delhi,Continental,2,Yes,No,658,3.1,3763
1898,Goodwin PLC,Mumbai,North Indian,2,Yes,No,964,4.1,3151
1899,"Cruz, Richmond and Edwards",Pune,Continental,1,Yes,Yes,256,3.0,1933
1900,Wright Ltd,Ahmedabad,Fast Food,3,Yes,Yes,669,3.5,3130
1901,Wright PLC,Chennai,Mughlai,3,No,Yes,1295,2.1,1479
1902,"Griffith, Mitchell and Pugh",Chennai,Chinese,3,No,No,1108,2.4,2609
1903,Abbott Ltd,Pune,Chinese,2,Yes,No,240,4.9,4099
1904,Harris-Lawson,Chennai,Fast Food,2,No,No,1405,4.5,2170
1905,Adkins LLC,Kolkata,Mughlai,1,No,No,459,3.7,3614
1906,"Brown, Hurst and Blevins",Delhi,Italian,1,Yes,Yes,525,2.1,2141
1907,Cruz-Allen,Bangalore,Street Food,2,Yes,No,233,3.3,4604
1908,"Wheeler, Rice and Levine",Ahmedabad,Street Food,2,Yes,Yes,403,3.0,1678
1909,Peck-Anderson,Chennai,Chinese,1,No,Yes,1345,5.0,43
1910,"Fisher, Payne and Thompson",Bangalore,Mughlai,1,Yes,No,343,4.7,222
1911,Best-Townsend,Chennai,South Indian,2,No,Yes,812,2.5,674
1912,Matthews Inc,Ahmedabad,Street Food,2,No,Yes,824,4.9,3721
1913,Lewis-Livingston,Kolkata,Chinese,1,Yes,No,811,4.4,589
1914,Hunter-Fuller,Pune,South Indian,2,No,Yes,641,4.9,3277
1915,"Wang, Henderson and Morales",Mumbai,North Indian,1,Yes,No,974,2.9,1272
1916,"Herrera, Jensen and Ramirez",Mumbai,Continental,2,No,No,1385,2.4,797
1917,Miller-Mccall,Kolkata,Italian,2,No,No,1125,2.8,4927
1918,Herrera Group,Pune,South Indian,2,No,Yes,1039,3.9,771
1919,"Walters, Davenport and Becker",Delhi,Fast Food,2,Yes,Yes,1164,3.6,4308
1920,Collins Group,Mumbai,Continental,2,No,Yes,1128,2.9,1056
1921,"Ashley, Allen and Sanchez",Chennai,Italian,3,No,No,1314,2.1,636
1922,Wilson-Salazar,Delhi,South Indian,3,No,No,343,3.4,4666
1923,Parker Ltd,Chennai,Fast Food,2,Yes,Yes,383,4.2,3801
1924,"Yang, Wilson and Zimmerman",Bangalore,Chinese,2,Yes,Yes,1002,4.6,2448
1925,"Smith, Crawford and Reed",Kolkata,Street Food,3,No,No,849,4.9,1543
1926,"Logan, Le and Jackson",Hyderabad,Chinese,1,No,Yes,1038,3.6,57
1927,Brady LLC,Pune,South Indian,1,Yes,No,1092,4.1,4940
1928,"Tanner, Wise and Johnson",Ahmedabad,Continental,3,No,No,769,2.3,1116
1929,Nelson-Brown,Delhi,Italian,1,Yes,Yes,204,2.6,1199
1930,"Proctor, Burton and Crawford",Hyderabad,Mughlai,3,Yes,Yes,766,4.3,1223
1931,"Ward, Porter and Bradley",Ahmedabad,Mughlai,1,Yes,Yes,462,4.2,3657
1932,Moore-Ayala,Ahmedabad,Street Food,1,No,Yes,562,2.9,3219
1933,"Craig, Wilson and Yang",Delhi,Fast Food,1,Yes,No,1001,4.5,4750
1934,Williams Inc,Chennai,North Indian,2,No,No,1201,3.8,4006
1935,Williams LLC,Hyderabad,North Indian,3,Yes,No,1330,2.9,530
1936,Mora-White,Chennai,Mughlai,2,Yes,No,1425,4.8,2850
1937,Tran Ltd,Ahmedabad,Mughlai,1,Yes,No,543,3.4,3599
1938,"Rios, Walker and Wright",Hyderabad,Italian,3,No,No,418,4.6,3207
1939,"Flores, Mckenzie and Duncan",Pune,Fast Food,2,Yes,Yes,728,4.1,716
1940,Shaw Inc,Ahmedabad,Chinese,1,Yes,Yes,1390,3.5,3417
1941,Walker PLC,Ahmedabad,Continental,1,Yes,Yes,187,3.1,2146
1942,Finley Inc,Kolkata,Chinese,1,Yes,Yes,841,3.3,1867
1943,Cline-Ayala,Mumbai,Italian,2,No,No,877,4.3,4573
1944,Murphy-Tran,Chennai,Chinese,3,Yes,Yes,1046,4.4,918
1945,Wood LLC,Mumbai,South Indian,3,Yes,Yes,492,3.9,1692
1946,"Mueller, Stevenson and Sanchez",Kolkata,Chinese,3,No,No,1186,3.5,823
1947,Vargas-Snyder,Bangalore,Fast Food,2,Yes,Yes,563,3.3,3415
1948,Oconnor PLC,Delhi,Italian,2,No,No,1184,2.5,2189
1949,Hernandez Group,Kolkata,Mughlai,2,Yes,Yes,1234,3.3,1879
1950,Hall LLC,Bangalore,Mughlai,2,No,No,1207,4.4,2973
1951,"Franco, Wiley and Tapia",Delhi,Street Food,1,Yes,Yes,323,3.0,3300
1952,Blake Group,Bangalore,Mughlai,1,No,Yes,1463,2.5,4716
1953,"Acosta, Garcia and Moreno",Delhi,Continental,2,No,No,792,4.7,74
1954,Barnes Inc,Chennai,Chinese,3,No,No,1468,2.6,4469
1955,Dawson Inc,Ahmedabad,Fast Food,3,No,Yes,767,2.3,4412
1956,Morse PLC,Kolkata,Mughlai,3,Yes,No,587,2.3,4530
1957,Haynes-Watson,Chennai,Fast Food,3,Yes,Yes,207,4.7,4433
1958,"Miller, Davis and Anderson",Chennai,Italian,2,No,Yes,272,4.5,2137
1959,Jones-Bradley,Kolkata,South Indian,1,Yes,No,760,3.7,52
1960,Bates-Anderson,Ahmedabad,Fast Food,1,Yes,No,762,2.9,4702
1961,Green-Edwards,Bangalore,Mughlai,3,Yes,Yes,821,3.5,1587
1962,Haynes-Moss,Kolkata,Street Food,1,Yes,No,993,2.2,519
1963,Chavez-Hall,Pune,Chinese,2,Yes,No,309,3.1,4321
1964,Taylor PLC,Pune,Mughlai,2,No,No,1051,4.1,4020
1965,Moore and Sons,Pune,Chinese,1,Yes,No,1087,2.4,4214
1966,Owens-Russell,Mumbai,Italian,2,No,Yes,471,4.8,3035
1967,"Howard, Townsend and Hayes",Mumbai,Mughlai,1,Yes,No,1320,2.9,4292
1968,Baker-Wilson,Bangalore,South Indian,2,No,No,771,2.9,239
1969,Aguirre LLC,Bangalore,Chinese,3,No,Yes,774,4.7,1776
1970,"Terry, Williams and Huff",Bangalore,Street Food,1,Yes,No,288,4.6,3430
1971,Hernandez-Dawson,Ahmedabad,Continental,3,No,No,922,3.4,4971
1972,Foster-Williams,Bangalore,Chinese,3,No,No,1069,2.4,2674
1973,Green-Ewing,Mumbai,Mughlai,2,Yes,No,844,3.6,3639
1974,Crane Group,Chennai,South Indian,1,Yes,No,1299,3.9,4592
1975,"Adkins, Wright and Murray",Mumbai,Italian,3,Yes,Yes,1124,3.5,162
1976,Martinez Inc,Mumbai,Chinese,1,No,Yes,652,4.5,4757
1977,Anderson Group,Ahmedabad,South Indian,3,No,No,1356,2.1,200
1978,Parks-Pace,Kolkata,Mughlai,1,No,Yes,1231,3.0,2116
1979,Aguilar LLC,Mumbai,South Indian,1,Yes,No,444,2.5,744
1980,Johnson Inc,Bangalore,Continental,2,Yes,Yes,1408,4.9,1496
1981,Orr Group,Delhi,North Indian,2,No,Yes,805,2.4,2665
1982,Davis LLC,Chennai,Mughlai,1,Yes,Yes,640,4.3,4810
1983,Williams Group,Hyderabad,Street Food,3,No,Yes,701,2.2,3817
1984,Jackson PLC,Pune,South Indian,2,Yes,No,1447,2.7,162
1985,Underwood-Foster,Chennai,South Indian,1,Yes,No,1313,3.2,697
1986,Reyes Group,Hyderabad,Chinese,2,Yes,Yes,1250,4.9,4557
1987,Gomez and Sons,Ahmedabad,North Indian,1,No,No,1487,4.9,14
1988,Ramirez-Stephenson,Delhi,Street Food,2,No,No,869,4.5,1752
1989,Mendez PLC,Chennai,North Indian,1,Yes,No,333,3.2,1017
1990,Holland Group,Bangalore,Continental,2,Yes,No,851,3.9,3718
1991,Andrade-Mendoza,Chennai,Italian,3,No,No,581,3.4,4921
1992,Ramirez and Sons,Kolkata,North Indian,3,Yes,Yes,1396,3.4,88
1993,Gonzalez-Wilkerson,Bangalore,Mughlai,3,No,No,1252,2.2,645
1994,"Wright, Mcknight and Stephens",Delhi,Street Food,3,Yes,No,920,4.5,2942
1995,Mayo Ltd,Pune,Chinese,3,Yes,Yes,1097,3.1,1590
1996,Castillo-Harrington,Ahmedabad,North Indian,1,Yes,No,882,2.6,2493
1997,Durham-Shaw,Hyderabad,Italian,2,No,Yes,724,3.5,4974
1998,Nelson-Johnson,Hyderabad,North Indian,1,No,Yes,718,3.7,4056
1999,"Robinson, Huang and Osborne",Bangalore,Italian,3,Yes,Yes,1354,2.4,542
2000,Stokes Group,Bangalore,Continental,3,Yes,No,542,4.5,199
